SET DEFINE OFF

INSERT INTO EMPLOYEE (POSITION, SALARY, HIRE_DATE, FIRST_NAME, LAST_NAME, SOCIAL_SECURITY) 
VALUES ('Bank Teller', 31200.0, to_date('2011-06-22', 'YYYY-MM-DD'), 'Vain', 'Seto', '123-45-6789');

INSERT INTO EMPLOYEE (POSITION, SALARY, HIRE_DATE, FIRST_NAME, LAST_NAME, SOCIAL_SECURITY) 
VALUES ('Financial Analyst', 58073.0, to_date('2000-11-12', 'YYYY-MM-DD'), 'Apple', 'Smith', '543-21-5765');

INSERT INTO EMPLOYEE (POSITION, SALARY, HIRE_DATE, FIRST_NAME, LAST_NAME, SOCIAL_SECURITY) 
VALUES ('Loan Officer', 63451.0, to_date('2002-02-12', 'YYYY-MM-DD'), 'William', 'Smith', '233-11-3534');

INSERT INTO EMPLOYEE (POSITION, SALARY, HIRE_DATE, FIRST_NAME, LAST_NAME, SOCIAL_SECURITY) 
VALUES ('Bank Teller', 31200.0, to_date('2009-07-02', 'YYYY-MM-DD'), 'Andrew', 'Bush', '123-65-4322');

INSERT INTO EMPLOYEE (POSITION, SALARY, HIRE_DATE, FIRST_NAME, LAST_NAME, SOCIAL_SECURITY) 
VALUES ('Internal Auditor', 56960.0, to_date('2005-09-12', 'YYYY-MM-DD'), 'Lucy', 'Obama', '321-13-1235');

INSERT INTO EMPLOYEE (POSITION, SALARY, HIRE_DATE, FIRST_NAME, LAST_NAME, SOCIAL_SECURITY) 
VALUES ('Collector', 35350.0, to_date('2004-12-21', 'YYYY-MM-DD'), 'Luis', 'King', '942-20-3212');

INSERT INTO EMPLOYEE (POSITION, SALARY, HIRE_DATE, FIRST_NAME, LAST_NAME, SOCIAL_SECURITY) 
VALUES ('Treasurer', 85601.0, to_date('2013-05-05', 'YYYY-MM-DD'), 'Martin', 'Chen', '213-25-2366');

INSERT INTO EMPLOYEE (POSITION, SALARY, HIRE_DATE, FIRST_NAME, LAST_NAME, SOCIAL_SECURITY) 
VALUES ('Assistant Manager', 68974.0, to_date('2000-01-01', 'YYYY-MM-DD'), 'Joanne', 'Joe', '765-22-2123');

INSERT INTO EMPLOYEE (POSITION, SALARY, HIRE_DATE, FIRST_NAME, LAST_NAME, SOCIAL_SECURITY) 
VALUES ('Accountant', 51806.0, to_date('2011-09-23', 'YYYY-MM-DD'), 'Anne', 'Umi', '999-21-2222');

INSERT INTO EMPLOYEE (POSITION, SALARY, HIRE_DATE, FIRST_NAME, LAST_NAME, SOCIAL_SECURITY)
VALUES ('Bank Teller', 31200.0, to_date('2015-12-14', 'YYYY-MM-DD'), 'Michelle', 'Garcia', '123-12-1234');

INSERT INTO EMPLOYEE (POSITION, SALARY, HIRE_DATE, FIRST_NAME, LAST_NAME, SOCIAL_SECURITY)
VALUES ('Assistant Manageer', 55350.0, to_date('2016-07-10', 'YYYY-MM-DD'), 'Clarence', 'Henderson', '997-65-4321');

INSERT INTO EMPLOYEE (POSITION, SALARY, HIRE_DATE, FIRST_NAME, LAST_NAME, SOCIAL_SECURITY)
VALUES ('Security', 40500.0, to_date('2013-06-04', 'YYYY-MM-DD'), 'John', 'Jacobs', '999-65-4321');

INSERT INTO EMPLOYEE (POSITION, SALARY, HIRE_DATE, FIRST_NAME, LAST_NAME, SOCIAL_SECURITY)
VALUES ('Security', 42123.0, to_date('2012-06-02', 'YYYY-MM-DD'), 'Mathew', 'Moss', '999-95-4321');

INSERT INTO EMPLOYEE (POSITION, SALARY, HIRE_DATE, FIRST_NAME, LAST_NAME, SOCIAL_SECURITY)
VALUES ('Security', 35000.0, to_date('2011-01-15', 'YYYY-MM-DD'), 'Clarissa', 'Ngyuen', '999-99-4321');

INSERT INTO EMPLOYEE (POSITION, SALARY, HIRE_DATE, FIRST_NAME, LAST_NAME, SOCIAL_SECURITY)
VALUES ('Security', 37500.0, to_date('2011-02-15', 'YYYY-MM-DD'), 'Kenny', 'Martinez', '999-99-9321');

INSERT INTO EMPLOYEE (POSITION, SALARY, HIRE_DATE, FIRST_NAME, LAST_NAME, SOCIAL_SECURITY)
VALUES ('Security', 36000.0, to_date('2011-03-15', 'YYYY-MM-DD'), 'Logan', 'Huntsberger', '999-99-9921');

INSERT INTO EMPLOYEE (POSITION, SALARY, HIRE_DATE, FIRST_NAME, LAST_NAME, SOCIAL_SECURITY)
VALUES ('Bank Teller', 35000.0, to_date('2011-05-15', 'YYYY-MM-DD'), 'Patty', 'Gilmore', '999-99-9991');

INSERT INTO CUSTOMER (SSN, FIRST_NAME, LAST_NAME, ADDR) 
VALUES ('010-00-0100', 'Steve', 'Mark', '7255 Alton St. Santee, CA 92071');

INSERT INTO CUSTOMER (SSN, FIRST_NAME, LAST_NAME, ADDR) 
VALUES ('020-00-0200', 'Luis', 'Law', '826 Wrangler Dr. Ontario, CA 91761');

INSERT INTO CUSTOMER (SSN, FIRST_NAME, LAST_NAME, ADDR) 
VALUES ('030-00-0300', 'Daniel', 'Miller', '9268 Woodside Drive Vista, CA 92083');

INSERT INTO CUSTOMER (SSN, FIRST_NAME, LAST_NAME, ADDR) 
VALUES ('040-00-0400', 'Anne', 'Brown', '977 William St. Chula Vista, CA 91911');

INSERT INTO CUSTOMER (SSN, FIRST_NAME, LAST_NAME, ADDR) 
VALUES ('050-11-0500', 'Akiko', 'Tanaka', '7166 Linda Drive San Jose, CA 95123');

INSERT INTO CUSTOMER (SSN, FIRST_NAME, LAST_NAME, ADDR) 
VALUES ('060-11-0600', 'Albert', 'Williams', '88 Sugar Ave. San Francisco, CA 94112');

INSERT INTO CUSTOMER (SSN, FIRST_NAME, LAST_NAME, ADDR) 
VALUES ('070-11-0700', 'Robert', 'Smith', '241 Theatre St. Tracy, CA 95376');

INSERT INTO CUSTOMER (SSN, FIRST_NAME, LAST_NAME, ADDR) 
VALUES ('080-11-0800', 'Alicia', 'Suzuki', '9391 Delaware St. Santa Ana, CA 92707');

INSERT INTO CUSTOMER (SSN, FIRST_NAME, LAST_NAME, ADDR) 
VALUES ('123-45-6789', 'Stephany', 'Yang', '7836 Bohemia Street Wilmington, CA 90744');

INSERT INTO CUSTOMER (SSN, FIRST_NAME, LAST_NAME, ADDR) 
VALUES ('939-29-3213', 'Alex', 'Seto', '232 Theatre St. Tracy, CA 95376');

INSERT INTO CUSTOMER (SSN, FIRST_NAME, LAST_NAME, ADDR) 
VALUES ('102-14-2133', 'Kelvin', 'Smith', '451 Theatre St. Tracy, CA 95376');

INSERT INTO CUSTOMER (SSN, FIRST_NAME, LAST_NAME, ADDR) 
VALUES ('888-22-3123', 'Jacob', 'Obama', '99 Grant Ave. San Francisco, CA 94112');

INSERT INTO CUSTOMER (SSN, FIRST_NAME, LAST_NAME, ADDR) 
VALUES ('882-12-3333', 'David', 'Bush', '909 Washington Ave. San Francisco, CA 94112');

INSERT INTO CUSTOMER (SSN, FIRST_NAME, LAST_NAME, ADDR) 
VALUES ('678-77-2212', 'Joanne', 'Jiang', '1234 ABC Ave. San Francisco, CA 94112');

INSERT INTO CUSTOMER (SSN, FIRST_NAME, LAST_NAME, ADDR) 
VALUES ('123-22-1111', 'Taylor', 'Barber', '12 Idontknow St. San Jose, CA 95112');

INSERT INTO CUSTOMER (SSN, FIRST_NAME, LAST_NAME, ADDR) 
VALUES ('212-33-8888', 'Patrick', 'Davis', '716 Londan Drive San Jose, CA 95123');

INSERT INTO CUSTOMER (SSN, FIRST_NAME, LAST_NAME, ADDR) 
VALUES ('999-99-9999', 'Andrew', 'Berkeley', '1166 Jose St San Jose, CA 95123');

INSERT INTO CUSTOMER (SSN, FIRST_NAME, LAST_NAME, ADDR) 
VALUES ('555-22-3213', 'Steven', 'Mcdonald', '6166 Linda Drive San Jose, CA 92123');

INSERT INTO CUSTOMER (SSN, FIRST_NAME, LAST_NAME, ADDR) 
VALUES ('678-87-6767', 'Steve', 'King', '6 Standford Drive Oakland, CA 95199');

INSERT INTO CUSTOMER (SSN, FIRST_NAME, LAST_NAME, ADDR) 
VALUES ('203-32-3039', 'Martin', 'Huang', '98 California St San Francisco, CA 95108');

INSERT INTO CUSTOMER (SSN, FIRST_NAME, LAST_NAME, ADDR) 
VALUES ('909-77-1234', 'Dave', 'Law', '108 Clay St San Jose, CA 95166');

INSERT INTO CREDIT_CARD (EMPLOYEE_ID, SSN, BALANCE, OPEN_DATE, LIMIT, DUE_DATE, MIN__PAYMENT, LAST_STATEMENT_BALANCE, LAST_PAYMENT, INTEREST_RATE, ACCTTYPE) 
VALUES (NULL, '888-22-3123', 412.12, to_date('2000-01-12', 'RRRR-MM-DD'), 1600.0, to_date('2018-10-10', 'RRRR-MM-DD'), 12.37, 400.23, 400.23, 16.71, 'cash_back');

INSERT INTO CREDIT_CARD (EMPLOYEE_ID, SSN, BALANCE, OPEN_DATE, LIMIT, DUE_DATE, MIN__PAYMENT, LAST_STATEMENT_BALANCE, LAST_PAYMENT, INTEREST_RATE, ACCTTYPE) 
VALUES (null, '212-33-8888', 567.33, to_date('2001-02-12', 'RRRR-MM-DD'), 1600.0, to_date('2018-10-11', 'RRRR-MM-DD'), 25.2, 350.12, 350.12, 17.21, 'cash_back');

INSERT INTO CREDIT_CARD (EMPLOYEE_ID, SSN, BALANCE, OPEN_DATE, LIMIT, DUE_DATE, MIN__PAYMENT, LAST_STATEMENT_BALANCE, LAST_PAYMENT, INTEREST_RATE, ACCTTYPE) 
VALUES (null, '999-99-9999', 231.2, to_date('2002-03-22', 'RRRR-MM-DD'), 2400.0, to_date('2018-10-12', 'RRRR-MM-DD'), 31.25, 190.34, 190.34, 18.92, 'travel');

INSERT INTO CREDIT_CARD (EMPLOYEE_ID, SSN, BALANCE, OPEN_DATE, LIMIT, DUE_DATE, MIN__PAYMENT, LAST_STATEMENT_BALANCE, LAST_PAYMENT, INTEREST_RATE, ACCTTYPE) 
VALUES (null, '882-12-3333', 5447.56, to_date('2002-03-18', 'RRRR-MM-DD'), 6000.0, to_date('2018-10-13', 'RRRR-MM-DD'), 26.31, 3000.56, 2000.0, 15.22, 'cash_back');

INSERT INTO CREDIT_CARD (EMPLOYEE_ID, SSN, BALANCE, OPEN_DATE, LIMIT, DUE_DATE, MIN__PAYMENT, LAST_STATEMENT_BALANCE, LAST_PAYMENT, INTEREST_RATE, ACCTTYPE) 
VALUES (null, '678-77-2212', 1000.45, to_date('2002-04-08', 'RRRR-MM-DD'), 5500.0, to_date('2018-10-14', 'RRRR-MM-DD'), 30.01, 100.78, 100.78, 14.9, 'cash_back');

INSERT INTO CREDIT_CARD (EMPLOYEE_ID, SSN, BALANCE, OPEN_DATE, LIMIT, DUE_DATE, MIN__PAYMENT, LAST_STATEMENT_BALANCE, LAST_PAYMENT, INTEREST_RATE, ACCTTYPE) 
VALUES (null, '123-22-1111', 4995.67, to_date('2002-06-07', 'RRRR-MM-DD'), 5000.0, to_date('2018-10-15', 'RRRR-MM-DD'), 49.12, 590.54, 500.21, 18.99, 'travel');

INSERT INTO CREDIT_CARD (EMPLOYEE_ID, SSN, BALANCE, OPEN_DATE, LIMIT, DUE_DATE, MIN__PAYMENT, LAST_STATEMENT_BALANCE, LAST_PAYMENT, INTEREST_RATE, ACCTTYPE) 
VALUES (null, '555-22-3213', 654.89, to_date('2009-12-12', 'RRRR-MM-DD'), 800.0, to_date('2018-10-16', 'RRRR-MM-DD'), 6.02, 120.54, 78.54, 18.99, 'travel');

INSERT INTO CREDIT_CARD (EMPLOYEE_ID, SSN, BALANCE, OPEN_DATE, LIMIT, DUE_DATE, MIN__PAYMENT, LAST_STATEMENT_BALANCE, LAST_PAYMENT, INTEREST_RATE, ACCTTYPE) 
VALUES (null, '678-87-6767', 78.09, to_date('2012-04-09', 'RRRR-MM-DD'), 300.0, to_date('2018-10-17', 'RRRR-MM-DD'), 5.07, 200.0, 120.0, 17.21, 'cash_back');

INSERT INTO CREDIT_CARD (EMPLOYEE_ID, SSN, BALANCE, OPEN_DATE, LIMIT, DUE_DATE, MIN__PAYMENT, LAST_STATEMENT_BALANCE, LAST_PAYMENT, INTEREST_RATE, ACCTTYPE) 
VALUES (null, '203-32-3039', 324.02, to_date('2011-11-25', 'RRRR-MM-DD'), 500.0, to_date('2018-10-18', 'RRRR-MM-DD'), 9.98, 300.44, 300.0, 16.71, 'travel');

INSERT INTO CREDIT_CARD (EMPLOYEE_ID, SSN, BALANCE, OPEN_DATE, LIMIT, DUE_DATE, MIN__PAYMENT, LAST_STATEMENT_BALANCE, LAST_PAYMENT, INTEREST_RATE, ACCTTYPE) 
VALUES (null, '909-77-1234', 410.72, to_date('2011-12-01', 'RRRR-MM-DD'), 900.0, to_date('2018-10-19', 'RRRR-MM-DD'), 14.01, 690.6, 600.0, 16.71, 'travel');

INSERT INTO CHECKING (EMPLOYEE_ID, SSN, BALANCE, OPEN_DATE, WITHDRAWL_LIMIT, PURCHASE_LIMIT, ACCTTYPE) 
VALUES (null, '888-22-3123', 55000.0, to_date('2011-11-11', 'RRRR-MM-DD'), 1500.0, 10000.0, 'Standard');

INSERT INTO CHECKING (EMPLOYEE_ID, SSN, BALANCE, OPEN_DATE, WITHDRAWL_LIMIT, PURCHASE_LIMIT, ACCTTYPE) 
VALUES (null, '212-33-8888', 12345.2, to_date('2012-12-12', 'RRRR-MM-DD'), 1000.0, 5000.0, 'Standard');

INSERT INTO CHECKING (EMPLOYEE_ID, SSN, BALANCE, OPEN_DATE, WITHDRAWL_LIMIT, PURCHASE_LIMIT, ACCTTYPE) 
VALUES (null, '999-99-9999', 5929.98, to_date('2013-01-13', 'RRRR-MM-DD'), 800.0, 2500.0, 'Standard');

INSERT INTO CHECKING (EMPLOYEE_ID, SSN, BALANCE, OPEN_DATE, WITHDRAWL_LIMIT, PURCHASE_LIMIT, ACCTTYPE) 
VALUES (null, '882-12-3333', 500000.34, to_date('2014-02-14', 'RRRR-MM-DD'), 1500.0, 15000.0, 'Standard');

INSERT INTO CHECKING (EMPLOYEE_ID, SSN, BALANCE, OPEN_DATE, WITHDRAWL_LIMIT, PURCHASE_LIMIT, ACCTTYPE) 
VALUES (null, '678-77-2212', 987654.44, to_date('2015-03-01', 'RRRR-MM-DD'), 1500.0, 50000.0, 'Standard');

INSERT INTO CHECKING (EMPLOYEE_ID, SSN, BALANCE, OPEN_DATE, WITHDRAWL_LIMIT, PURCHASE_LIMIT, ACCTTYPE) 
VALUES (null, '123-22-1111', 2044939.0, to_date('2016-12-04', 'RRRR-MM-DD'), 1500.0, 100000.0, 'Standard');

INSERT INTO CHECKING (EMPLOYEE_ID, SSN, BALANCE, OPEN_DATE, WITHDRAWL_LIMIT, PURCHASE_LIMIT, ACCTTYPE) 
VALUES (null, '555-22-3213', 2499.02, to_date('2001-01-01', 'RRRR-MM-DD'), 1000.0, 1000.0, 'Student');

INSERT INTO CHECKING (EMPLOYEE_ID, SSN, BALANCE, OPEN_DATE, WITHDRAWL_LIMIT, PURCHASE_LIMIT, ACCTTYPE) 
VALUES (null, '678-87-6767', 9878.99, to_date('2002-02-02', 'RRRR-MM-DD'), 1200.0, 2500.0, 'Standard');

INSERT INTO CHECKING (EMPLOYEE_ID, SSN, BALANCE, OPEN_DATE, WITHDRAWL_LIMIT, PURCHASE_LIMIT, ACCTTYPE) 
VALUES (null, '203-32-3039', 245999.0, to_date('2003-03-03', 'RRRR-MM-DD'), 1300.0, 5000.0, 'Standard');

INSERT INTO CHECKING (EMPLOYEE_ID, SSN, BALANCE, OPEN_DATE, WITHDRAWL_LIMIT, PURCHASE_LIMIT, ACCTTYPE) 
VALUES (1000000001, null, 22222.0, to_date('2003-01-23', 'RRRR-MM-DD'), 1500.0, 3000.0, 'Bank_promo');

INSERT INTO CHECKING (EMPLOYEE_ID, SSN, BALANCE, OPEN_DATE, WITHDRAWL_LIMIT, PURCHASE_LIMIT, ACCTTYPE) 
VALUES (1000000008, null, 11111.0, to_date('2005-02-12', 'RRRR-MM-DD'), 1500.0, 3000.0, 'Bank_promo');

INSERT INTO SAVINGS (EMPLOYEE_ID, SSN, BALANCE, OPEN_DATE, TRANSFER_LIMIT, MINIMUM_BALANCE, INTEREST_RATE, ACCTTYPE) 
VALUES (null, '888-22-3123', 13204.4, to_date('2010-10-10', 'RRRR-MM-DD'), 3.0, 500.0, 0.01, 'Low_Interest');

INSERT INTO SAVINGS (EMPLOYEE_ID, SSN, BALANCE, OPEN_DATE, TRANSFER_LIMIT, MINIMUM_BALANCE, INTEREST_RATE, ACCTTYPE) 
VALUES (null, '212-33-8888', 120304.23, to_date('2011-11-11', 'RRRR-MM-DD'), 5.0, 500.0, 0.03, 'High_Interest');

INSERT INTO SAVINGS (EMPLOYEE_ID, SSN, BALANCE, OPEN_DATE, TRANSFER_LIMIT, MINIMUM_BALANCE, INTEREST_RATE, ACCTTYPE) 
VALUES (null, '999-99-9999', 5879.22, to_date('2012-12-12', 'RRRR-MM-DD'), 3.0, 800.0, 0.02, 'Low_Interest');

INSERT INTO SAVINGS (EMPLOYEE_ID, SSN, BALANCE, OPEN_DATE, TRANSFER_LIMIT, MINIMUM_BALANCE, INTEREST_RATE, ACCTTYPE) 
VALUES (null, '882-12-3333', 90823.12, to_date('2004-04-04', 'RRRR-MM-DD'), 5.0, 1000.0, 0.03, 'High_Interest');

INSERT INTO SAVINGS (EMPLOYEE_ID, SSN, BALANCE, OPEN_DATE, TRANSFER_LIMIT, MINIMUM_BALANCE, INTEREST_RATE, ACCTTYPE) 
VALUES (null, '678-77-2212', 987492.9, to_date('2005-05-05', 'RRRR-MM-DD'), 5.0, 1000.0, 0.04, 'High_Interest');

INSERT INTO SAVINGS (EMPLOYEE_ID, SSN, BALANCE, OPEN_DATE, TRANSFER_LIMIT, MINIMUM_BALANCE, INTEREST_RATE, ACCTTYPE) 
VALUES (null, '123-22-1111', 5689.99, to_date('2006-06-06', 'RRRR-MM-DD'), 3.0, 600.0, 0.03, 'Student');

INSERT INTO SAVINGS (EMPLOYEE_ID, SSN, BALANCE, OPEN_DATE, TRANSFER_LIMIT, MINIMUM_BALANCE, INTEREST_RATE, ACCTTYPE) 
VALUES (null, '555-22-3213', 1234.24, to_date('2007-11-07', 'RRRR-MM-DD'), 3.0, 300.0, 0.01, 'Student');

INSERT INTO SAVINGS (EMPLOYEE_ID, SSN, BALANCE, OPEN_DATE, TRANSFER_LIMIT, MINIMUM_BALANCE, INTEREST_RATE, ACCTTYPE) 
VALUES (null, '678-87-6767', 92712.22, to_date('2008-08-12', 'RRRR-MM-DD'), 5.0, 500.0, 0.02, 'Low_Interest');

INSERT INTO SAVINGS (EMPLOYEE_ID, SSN, BALANCE, OPEN_DATE, TRANSFER_LIMIT, MINIMUM_BALANCE, INTEREST_RATE, ACCTTYPE) 
VALUES (null, '203-32-3039', 1932012.23, to_date('2009-09-01', 'RRRR-MM-DD'), 4.0, 1500.0, 0.04, 'High_Interest');

INSERT INTO SAVINGS (EMPLOYEE_ID, SSN, BALANCE, OPEN_DATE, TRANSFER_LIMIT, MINIMUM_BALANCE, INTEREST_RATE, ACCTTYPE) 
VALUES (1000000003, null, 6900.0, to_date('2007-01-02', 'RRRR-MM-DD'), 5.0, 500.0, 0.05, 'bank_promo');

INSERT INTO SAVINGS (EMPLOYEE_ID, SSN, BALANCE, OPEN_DATE, TRANSFER_LIMIT, MINIMUM_BALANCE, INTEREST_RATE, ACCTTYPE) 
VALUES (1000000001, null, 16900.0, to_date('2004-01-25', 'RRRR-MM-DD'), 5.0, 500.0, 0.05, 'bank_promo');

INSERT INTO LOAN (EMPLOYEE_ID, SSN, BALANCE, OPEN_DATE, INTEREST_RATE, TOTAL_LOAN, MONTHLY_PAYMENT, REMAINING_LOAN_TERM, LOAN_TERM, ACCTTYPE) 
VALUES (null, '010-00-0100', 48062.52, to_date('2018-09-16', 'YYYY-MM-DD'), 0.075, 50000.0, 2249.98, 23.0, 24.0, 'AUTO');

INSERT INTO LOAN (EMPLOYEE_ID, SSN, BALANCE, OPEN_DATE, INTEREST_RATE, TOTAL_LOAN, MONTHLY_PAYMENT, REMAINING_LOAN_TERM, LOAN_TERM, ACCTTYPE) 
VALUES (null, '080-11-0800', 1445157.98, to_date('2018-09-17', 'YYYY-MM-DD'), 0.09, 2400000.0, 30402.19, 59.0, 120.0, 'HOME');

INSERT INTO LOAN (EMPLOYEE_ID, SSN, BALANCE, OPEN_DATE, INTEREST_RATE, TOTAL_LOAN, MONTHLY_PAYMENT, REMAINING_LOAN_TERM, LOAN_TERM, ACCTTYPE) 
VALUES (null, '939-29-3213', 470956.73, to_date('2018-09-18', 'YYYY-MM-DD'), 0.075, 600800.0, 12038.8, 45.0, 60.0, 'HOME');

INSERT INTO LOAN (EMPLOYEE_ID, SSN, BALANCE, OPEN_DATE, INTEREST_RATE, TOTAL_LOAN, MONTHLY_PAYMENT, REMAINING_LOAN_TERM, LOAN_TERM, ACCTTYPE) 
VALUES (null, '102-14-2133', 342001.49, to_date('2018-09-19', 'YYYY-MM-DD'), 0.075, 799000.0, 16010.32, 23.0, 60.0, 'BUSINESS');

INSERT INTO LOAN (EMPLOYEE_ID, SSN, BALANCE, OPEN_DATE, INTEREST_RATE, TOTAL_LOAN, MONTHLY_PAYMENT, REMAINING_LOAN_TERM, LOAN_TERM, ACCTTYPE) 
VALUES (null, '888-22-3123', 70511.36, to_date('2018-09-26', 'YYYY-MM-DD'), 0.05, 79000.0, 4564.66, 16.0, 18.0, 'AUTO');

INSERT INTO LOAN (EMPLOYEE_ID, SSN, BALANCE, OPEN_DATE, INTEREST_RATE, TOTAL_LOAN, MONTHLY_PAYMENT, REMAINING_LOAN_TERM, LOAN_TERM, ACCTTYPE) 
VALUES (null, '882-12-3333', 1003.75, to_date('2018-09-23', 'YYYY-MM-DD'), 0.01, 4000.0, 335.14, 3.0, 12.0, 'PERSONAL');

INSERT INTO LOAN (EMPLOYEE_ID, SSN, BALANCE, OPEN_DATE, INTEREST_RATE, TOTAL_LOAN, MONTHLY_PAYMENT, REMAINING_LOAN_TERM, LOAN_TERM, ACCTTYPE) 
VALUES (null, '050-11-0500', 53532.62, to_date('2018-09-24', 'YYYY-MM-DD'), 0.075, 123090.0, 5539.0, 10.0, 24.0, 'AUTO');

INSERT INTO LOAN (EMPLOYEE_ID, SSN, BALANCE, OPEN_DATE, INTEREST_RATE, TOTAL_LOAN, MONTHLY_PAYMENT, REMAINING_LOAN_TERM, LOAN_TERM, ACCTTYPE) 
VALUES (null, '678-77-2212', 18176.81, to_date('2018-09-21', 'YYYY-MM-DD'), 0.05, 47000.0, 2061.96, 9.0, 24.0, 'PERSONAL');

INSERT INTO LOAN (EMPLOYEE_ID, SSN, BALANCE, OPEN_DATE, INTEREST_RATE, TOTAL_LOAN, MONTHLY_PAYMENT, REMAINING_LOAN_TERM, LOAN_TERM, ACCTTYPE) 
VALUES (null, '123-22-1111', 12729.79, to_date('2018-09-09', 'YYYY-MM-DD'), 0.05, 32000.0, 1848.98, 7.0, 18.0, 'AUTO');

INSERT INTO TRANSACTION_HISTORY (ACCT_ID, TRANSACTION_DATE, TRANSACTON_AMOUNT, "TO") 
VALUES (1.00000001E9, to_date('2018-11-17', 'YYYY-MM-DD'), 4000.0, 1.000000021E9);

INSERT INTO TRANSACTION_HISTORY (ACCT_ID, TRANSACTION_DATE, TRANSACTON_AMOUNT, "TO") 
VALUES (1.000000011E9, to_date('2018-11-17', 'YYYY-MM-DD'), 3020.0, 1.000000022E9);

INSERT INTO TRANSACTION_HISTORY (ACCT_ID, TRANSACTION_DATE, TRANSACTON_AMOUNT, "TO") 
VALUES (1.000000012E9, to_date('2018-11-17', 'YYYY-MM-DD'), 50000.0, 1.000000023E9);

INSERT INTO TRANSACTION_HISTORY (ACCT_ID, TRANSACTION_DATE, TRANSACTON_AMOUNT, "TO") 
VALUES (1.000000024E9, to_date('2018-11-16', 'YYYY-MM-DD'), 24000.0, 1.000000013E9);

INSERT INTO TRANSACTION_HISTORY (ACCT_ID, TRANSACTION_DATE, TRANSACTON_AMOUNT, "TO") 
VALUES (1.000000015E9, to_date('2018-11-16', 'YYYY-MM-DD'), 1230.0, 1.000000026E9);

INSERT INTO TRANSACTION_HISTORY (ACCT_ID, TRANSACTION_DATE, TRANSACTON_AMOUNT, "TO") 
VALUES (1.000000016E9, to_date('2018-11-16', 'YYYY-MM-DD'), 400.0, 0.0);

INSERT INTO TRANSACTION_HISTORY (ACCT_ID, TRANSACTION_DATE, TRANSACTON_AMOUNT, "TO") 
VALUES (1.000000017E9, to_date('2018-11-15', 'YYYY-MM-DD'), 40.0, 0.0);

INSERT INTO TRANSACTION_HISTORY (ACCT_ID, TRANSACTION_DATE, TRANSACTON_AMOUNT, "TO") 
VALUES (1.000000029E9, to_date('2018-11-15', 'YYYY-MM-DD'), 3020.0, 1.000000018E9);

INSERT INTO TRANSACTION_HISTORY (ACCT_ID, TRANSACTION_DATE, TRANSACTON_AMOUNT, "TO") 
VALUES (1.000000013E9, to_date('2018-11-15', 'YYYY-MM-DD'), 1200.0, 1.000000035E9);

INSERT INTO TRANSACTION_HISTORY (ACCT_ID, TRANSACTION_DATE, TRANSACTON_AMOUNT, "TO") 
VALUES (1.000000027E9, to_date('2018-11-15', 'YYYY-MM-DD'), 1000.0, 1);

